epoch,train_batch_loss,train_loss,val_loss
1,0.6843285620689392,0.5323613882064819,0.8212214112281799
2,0.5506308570861816,0.4531446099281311,0.8682785630226135
3,0.49154011960029603,0.3921661078929901,0.8675586581230164
4,0.4478386837005615,0.3532453179359436,0.8993008732795715
5,0.41100085549354554,0.30994200706481934,0.9651603698730469
6,0.3841413250923157,0.2811882793903351,0.9791702032089233
7,0.3618449635505676,0.27065396308898926,0.8928781747817993
8,0.33803577251434325,0.24726849794387817,0.8912730813026428
9,0.3272122580051422,0.22742675244808197,0.9271911382675171
10,0.31184171929359433,0.21849289536476135,0.8907328844070435
11,0.30121961636543276,0.20050761103630066,0.8976574540138245
12,0.2895436989784241,0.1958024501800537,0.8992267847061157
13,0.2799669134616852,0.19102345407009125,0.8740842342376709
14,0.27391038324832917,0.17219145596027374,0.9275437593460083
15,0.26678500378131864,0.17077858746051788,0.9108043313026428
16,0.25872374308109286,0.1558176726102829,0.8907061815261841
17,0.24966177363395692,0.14948870241641998,0.9323646426200867
18,0.2405566267967224,0.15277349948883057,0.8963572978973389
19,0.24267405679225923,0.14382882416248322,0.9144027829170227
20,0.2373007672548294,0.14628812670707703,0.9160349369049072
21,0.23456723754405975,0.13751161098480225,0.8925915956497192
22,0.2173051471233368,0.1263546347618103,0.8909492492675781
23,0.2225784072637558,0.12657172977924347,0.9210524559020996
24,0.2135402943611145,0.11621935665607452,0.9173720479011536
25,0.2132982069015503,0.12382370233535767,0.8875248432159424
26,0.21069398818016052,0.11840178817510605,0.8965259790420532
27,0.20622175812721252,0.1116783395409584,0.9214450716972351
28,0.20008407618999483,0.10932186990976334,0.9206862449645996
29,0.2025122365951538,0.11570199579000473,0.911191999912262
30,0.19731248753070832,0.10606306046247482,0.94193035364151
31,0.19478437745571137,0.11956984549760818,0.8627128005027771
32,0.18967057197093964,0.10173406451940536,0.9180448651313782
33,0.19435228381156922,0.10313165932893753,0.8780401349067688
34,0.18784194741249086,0.0960993841290474,0.9177116751670837
35,0.19147136228084563,0.10420989990234375,0.8519014120101929
36,0.18431099352836608,0.09291356056928635,0.8726992011070251
37,0.17900147805213928,0.0976327508687973,0.9002885818481445
38,0.18713115224838256,0.09376145899295807,0.9138516783714294
39,0.17854222497940064,0.09392096847295761,0.9082105159759521
40,0.18449512984752656,0.09476467967033386,0.9126115441322327
41,0.17807291073799134,0.08601731806993484,0.9344475269317627
