rep,dim,params,epochs,rho_train,rho_val,rho_test,rho_test_sd,delta_vs_seq,ci_lo,ci_hi,beats_sequence
seq+boltz_pooled,2407,312385,76.2,0.9675819916525162,0.8195425330148222,0.7822663558478935,0.00358512518016381,0.026636323412746934,0.006439141126984918,0.04775368963296652,True
boltz_pooled,1547,202305,71.4,0.9656297611840522,0.8005821901660509,0.7605912304921515,0.0032706925873691004,0.005480989397657753,-0.015898710805125733,0.028877230097916012,False
seq,860,114369,88.6,0.9659215781309101,0.7808800139229245,0.7473754489264112,0.0066344480402817626,0.0,0.0,0.0,False
seq+boltz_pep_tokens,4316,556737,95.0,0.9728160663490997,0.7386787891637134,0.69110840226303,0.004188713847705098,-0.06386106798752673,-0.08774570330665107,-0.040644595490160834,False
boltz_receptor,384,53441,90.4,0.942155092949785,0.7045539182155391,0.6516206303729544,0.0035586248478369055,-0.0923096428706842,-0.11821828219898833,-0.06712708021332617,False
boltz_pep_tokens,3456,446657,87.2,0.9647711806095485,0.6813380148694165,0.6402917312327376,0.005084713713024945,-0.1143519412063929,-0.14463088052445042,-0.08417411673288479,False
boltz_pep_mean,384,53441,71.4,0.9398588074068241,0.6564422946891089,0.6254002760527777,0.011697062544835733,-0.1228108991913414,-0.1516992681764036,-0.09345497045834118,False
seq_hla_pseudo,680,91329,80.8,0.5555197756089495,0.56151359481556,0.5286072673284372,0.002649595690880521,-0.24224374587584002,-0.2765162754881478,-0.20981872464541865,False
seq_peptide,180,27329,45.0,0.6260484378938674,0.4713418685085706,0.4466218375381734,0.004395106878943997,-0.3141036475327567,-0.35121898804262613,-0.2773059960152448,False
boltz_conf,9,5441,174.6,0.4820318820309858,0.45215504222486713,0.4283853572408236,0.0035747138808128152,-0.3397155931221009,-0.3856080123513238,-0.2938678384093474,False
